date,pd_type,pd_count
2024-02-15,ati_all,170106
2024-02-15,dac,2984
2024-02-15,contracts_nil,75
2024-02-15,contractsa,398
2024-02-15,grants,984264
2024-02-15,grants_nil,171
2024-02-15,reclassification,11286
2024-02-15,reclassification_nil,874
2024-02-15,travela,492
2024-02-15,travelq,94726
2024-02-15,travelq_nil,1996
2024-02-15,hospitalityq,23091
2024-02-15,briefingt,104571
2024-02-15,ati_nil,3151
2024-02-15,qpnotes,5273
2024-02-15,wrongdoing,47
2024-02-15,adminaircraft,20
2024-02-15,transition,69
2024-02-15,transition_deputy,48
2024-02-15,parliament_report,371
2024-02-15,parliament_committee,273
2024-02-15,parliament_committee_deputy,242
2024-02-15,contracts,1058651
2024-02-15,hospitalityq_nil,3316
2024-02-14,grants_nil,171
2024-02-14,qpnotes,5273
2024-02-14,parliament_committee,273
2024-02-14,dac,2961
2024-02-14,reclassification_nil,874
2024-02-14,reclassification,11286
2024-02-14,contracts_nil,75
2024-02-14,transition,69
2024-02-14,wrongdoing,47
2024-02-14,travelq,94701
2024-02-14,adminaircraft,20
2024-02-14,parliament_report,371
2024-02-14,ati_all,170101
2024-02-14,parliament_committee_deputy,242
2024-02-14,transition_deputy,48
2024-02-14,contracts,1058651
2024-02-14,ati_nil,3150
2024-02-14,hospitalityq,23080
2024-02-14,travela,492
2024-02-14,hospitalityq_nil,3292
2024-02-14,contractsa,398
2024-02-14,grants,984264
2024-02-14,travelq_nil,1995
2024-02-14,briefingt,104572
2024-02-13,travelq,94698
2024-02-13,contractsa,398
2024-02-13,qpnotes,5273
2024-02-13,dac,2958
2024-02-13,parliament_committee_deputy,242
2024-02-13,contracts_nil,75
2024-02-13,travela,490
2024-02-13,ati_nil,3148
2024-02-13,parliament_committee,273
2024-02-13,parliament_report,371
2024-02-13,wrongdoing,47
2024-02-13,grants,984264
2024-02-13,ati_all,170087
2024-02-13,travelq_nil,1994
2024-02-13,transition_deputy,48
2024-02-13,adminaircraft,20
2024-02-13,contracts,1058650
2024-02-13,briefingt,104571
2024-02-13,transition,69
2024-02-13,hospitalityq_nil,3291
2024-02-13,reclassification,11285
2024-02-13,reclassification_nil,867
2024-02-13,hospitalityq,23077
2024-02-13,grants_nil,171
2024-02-12,hospitalityq,23077
2024-02-12,grants,984264
2024-02-12,contracts,1058650
2024-02-12,ati_nil,3148
2024-02-12,wrongdoing,47
2024-02-12,dac,2949
2024-02-12,grants_nil,171
2024-02-12,travelq_nil,1994
2024-02-12,parliament_report,371
2024-02-12,transition,69
2024-02-12,briefingt,104552
2024-02-12,parliament_committee,273
2024-02-12,adminaircraft,20
2024-02-12,qpnotes,5273
2024-02-12,transition_deputy,48
2024-02-12,travelq,94666
2024-02-12,ati_all,170086
2024-02-12,reclassification,11285
2024-02-12,contracts_nil,75
2024-02-12,hospitalityq_nil,3291
2024-02-12,contractsa,398
2024-02-12,travela,489
2024-02-12,parliament_committee_deputy,242
2024-02-12,reclassification_nil,867
2024-02-11,dac,2949
2024-02-11,travelq,94666
2024-02-11,transition,69
2024-02-11,contracts_nil,75
2024-02-11,adminaircraft,20
2024-02-11,contractsa,398
2024-02-11,reclassification_nil,867
2024-02-11,ati_all,170086
2024-02-11,grants_nil,171
2024-02-11,qpnotes,5273
2024-02-11,parliament_report,371
2024-02-11,parliament_committee,273
2024-02-11,parliament_committee_deputy,242
2024-02-11,transition_deputy,48
2024-02-11,ati_nil,3148
2024-02-11,wrongdoing,47
2024-02-11,briefingt,104552
2024-02-11,reclassification,11285
2024-02-11,hospitalityq_nil,3291
2024-02-11,contracts,1058650
2024-02-11,travelq_nil,1994
2024-02-11,grants,984264
2024-02-11,travela,489
2024-02-11,hospitalityq,23077
2024-02-10,travelq_nil,1994
2024-02-10,ati_all,170086
2024-02-10,grants_nil,171
2024-02-10,reclassification_nil,867
2024-02-10,hospitalityq,23077
2024-02-10,hospitalityq_nil,3291
2024-02-10,transition_deputy,47
2024-02-10,wrongdoing,47
2024-02-10,contracts,1058650
2024-02-10,reclassification,11285
2024-02-10,transition,69
2024-02-10,dac,2949
2024-02-10,parliament_report,371
2024-02-10,travela,489
2024-02-10,contractsa,398
2024-02-10,travelq,94666
2024-02-10,briefingt,104552
2024-02-10,adminaircraft,20
2024-02-10,parliament_committee_deputy,242
2024-02-10,parliament_committee,273
2024-02-10,contracts_nil,75
2024-02-10,grants,984264
2024-02-10,qpnotes,5273
2024-02-10,ati_nil,3148
2024-02-09,wrongdoing,47
2024-02-09,parliament_committee,273
2024-02-09,transition,69
2024-02-09,contracts,1058589
2024-02-09,grants,984264
2024-02-09,parliament_committee_deputy,242
2024-02-09,briefingt,104545
2024-02-09,transition_deputy,47
2024-02-09,contractsa,398
2024-02-09,ati_all,170080
2024-02-09,adminaircraft,20
2024-02-09,hospitalityq,23075
2024-02-09,ati_nil,3147
2024-02-09,reclassification,11283
2024-02-09,reclassification_nil,867
2024-02-09,travelq,94663
2024-02-09,grants_nil,171
2024-02-09,hospitalityq_nil,3291
2024-02-09,contracts_nil,75
2024-02-09,qpnotes,5273
2024-02-09,parliament_report,371
2024-02-09,travela,489
2024-02-09,travelq_nil,1994
2024-02-09,dac,2942
2024-02-08,travela,489
2024-02-08,reclassification,11283
2024-02-08,hospitalityq_nil,3291
2024-02-08,ati_nil,3143
2024-02-08,travelq_nil,1994
2024-02-08,grants,984201
2024-02-08,contracts,1058553
2024-02-08,wrongdoing,47
2024-02-08,briefingt,104523
2024-02-08,hospitalityq,23079
2024-02-08,parliament_committee,272
2024-02-08,adminaircraft,20
2024-02-08,contracts_nil,75
2024-02-08,reclassification_nil,867
2024-02-08,travelq,94620
2024-02-08,dac,2936
2024-02-08,ati_all,170067
2024-02-08,parliament_committee_deputy,242
2024-02-08,qpnotes,5273
2024-02-08,grants_nil,171
2024-02-08,transition_deputy,47
2024-02-08,contractsa,398
2024-02-08,transition,69
2024-02-08,parliament_report,371
2024-02-07,wrongdoing,47
2024-02-07,hospitalityq_nil,3289
2024-02-07,grants,984201
2024-02-07,hospitalityq,23079
2024-02-07,transition,69
2024-02-07,ati_all,170047
2024-02-07,contracts_nil,75
2024-02-07,adminaircraft,20
2024-02-07,travelq_nil,1993
2024-02-07,qpnotes,5273
2024-02-07,travelq,94618
2024-02-07,reclassification_nil,867
2024-02-07,grants_nil,171
2024-02-07,parliament_committee,272
2024-02-07,parliament_report,371
2024-02-07,transition_deputy,47
2024-02-07,ati_nil,3140
2024-02-07,contractsa,398
2024-02-07,travela,489
2024-02-07,reclassification,11281
2024-02-07,contracts,1058440
2024-02-07,parliament_committee_deputy,242
2024-02-07,briefingt,104523
2024-02-07,dac,2936
2024-02-06,parliament_committee_deputy,242
2024-02-06,parliament_report,371
2024-02-06,briefingt,104523
2024-02-06,wrongdoing,47
2024-02-06,qpnotes,5273
2024-02-06,adminaircraft,20
2024-02-06,reclassification_nil,867
2024-02-06,grants_nil,171
2024-02-06,grants,984201
2024-02-06,hospitalityq,23079
2024-02-06,travelq,94606
2024-02-06,contracts_nil,75
2024-02-06,ati_all,170043
2024-02-06,transition_deputy,47
2024-02-06,transition,69
2024-02-06,reclassification,11281
2024-02-06,contracts,1058440
2024-02-06,ati_nil,3132
2024-02-06,contractsa,398
2024-02-06,hospitalityq_nil,3289
2024-02-06,dac,2932
2024-02-06,travelq_nil,1993
2024-02-06,travela,489
2024-02-06,parliament_committee,272
2024-02-05,ati_nil,3130
2024-02-05,ati_all,170042
2024-02-05,adminaircraft,20
2024-02-05,briefingt,104414
2024-02-05,parliament_committee_deputy,242
2024-02-05,reclassification_nil,867
2024-02-05,contracts_nil,75
2024-02-05,reclassification,11281
2024-02-05,contractsa,398
2024-02-05,hospitalityq_nil,3289
2024-02-05,travela,489
2024-02-05,qpnotes,5273
2024-02-05,grants,984201
2024-02-05,contracts,1058440
2024-02-05,wrongdoing,47
2024-02-05,transition_deputy,47
2024-02-05,parliament_report,371
2024-02-05,transition,69
2024-02-05,hospitalityq,23078
2024-02-05,travelq,94589
2024-02-05,grants_nil,171
2024-02-05,parliament_committee,272
2024-02-05,dac,2920
2024-02-05,travelq_nil,1993
2024-02-04,reclassification,11281
2024-02-04,contracts,1058440
2024-02-04,dac,2920
2024-02-04,contractsa,398
2024-02-04,transition_deputy,47
2024-02-04,contracts_nil,75
2024-02-04,qpnotes,5273
2024-02-04,travelq,94589
2024-02-04,transition,69
2024-02-04,parliament_committee_deputy,242
2024-02-04,hospitalityq,23078
2024-02-04,grants,984201
2024-02-04,travela,489
2024-02-04,ati_nil,3130
2024-02-04,ati_all,170042
2024-02-04,travelq_nil,1993
2024-02-04,grants_nil,171
2024-02-04,hospitalityq_nil,3289
2024-02-04,adminaircraft,20
2024-02-04,parliament_committee,272
2024-02-04,parliament_report,371
2024-02-04,briefingt,104414
2024-02-04,reclassification_nil,867
2024-02-04,wrongdoing,47
2024-02-03,ati_all,170042
2024-02-03,hospitalityq_nil,3289
2024-02-03,briefingt,104414
2024-02-03,qpnotes,5273
2024-02-03,wrongdoing,47
2024-02-03,dac,2920
2024-02-03,contractsa,398
2024-02-03,ati_nil,3130
2024-02-03,reclassification_nil,867
2024-02-03,transition_deputy,47
2024-02-03,travelq_nil,1993
2024-02-03,travelq,94589
2024-02-03,parliament_report,371
2024-02-03,grants_nil,171
2024-02-03,transition,69
2024-02-03,hospitalityq,23078
2024-02-03,travela,489
2024-02-03,parliament_committee,272
2024-02-03,contracts,1058440
2024-02-03,contracts_nil,75
2024-02-03,parliament_committee_deputy,242
2024-02-03,adminaircraft,20
2024-02-03,grants,984201
2024-02-03,reclassification,11281
2024-02-02,parliament_report,371
2024-02-02,contracts_nil,75
2024-02-02,qpnotes,5273
2024-02-02,travelq,94498
2024-02-02,reclassification,11281
2024-02-02,grants_nil,171
2024-02-02,reclassification_nil,866
2024-02-02,parliament_committee_deputy,241
2024-02-02,travela,489
2024-02-02,ati_nil,3127
2024-02-02,dac,2917
2024-02-02,parliament_committee,272
2024-02-02,briefingt,104410
2024-02-02,transition_deputy,47
2024-02-02,hospitalityq_nil,3289
2024-02-02,transition,69
2024-02-02,hospitalityq,22998
2024-02-02,adminaircraft,20
2024-02-02,contracts,1058396
2024-02-02,ati_all,170037
2024-02-02,contractsa,398
2024-02-02,travelq_nil,1993
2024-02-02,wrongdoing,47
2024-02-02,grants,984202
2024-02-01,ati_nil,3122
2024-02-01,parliament_committee,272
2024-02-01,reclassification_nil,866
2024-02-01,grants,983214
2024-02-01,briefingt,104397
2024-02-01,adminaircraft,20
2024-02-01,contractsa,398
2024-02-01,parliament_committee_deputy,241
2024-02-01,hospitalityq_nil,3287
2024-02-01,reclassification,11275
2024-02-01,wrongdoing,47
2024-02-01,contracts_nil,75
2024-02-01,parliament_report,371
2024-02-01,transition_deputy,47
2024-02-01,dac,2917
2024-02-01,hospitalityq,22986
2024-02-01,travela,489
2024-02-01,travelq,94466
2024-02-01,grants_nil,171
2024-02-01,contracts,1057282
2024-02-01,transition,69
2024-02-01,ati_all,169904
2024-02-01,qpnotes,5273
2024-02-01,travelq_nil,1991
2024-01-31,dac,2917
2024-01-31,travelq,94291
2024-01-31,hospitalityq_nil,3283
2024-01-31,hospitalityq,22959
2024-01-31,travelq_nil,1991
2024-01-31,grants,977813
2024-01-31,contractsa,398
2024-01-31,grants_nil,169
2024-01-31,travela,489
2024-01-31,reclassification_nil,862
2024-01-31,ati_all,169595
2024-01-31,qpnotes,5273
2024-01-31,reclassification,11267
2024-01-31,wrongdoing,47
2024-01-31,transition_deputy,47
2024-01-31,parliament_committee_deputy,241
2024-01-31,contracts,1048086
2024-01-31,parliament_committee,272
2024-01-31,transition,69
2024-01-31,ati_nil,3122
2024-01-31,adminaircraft,20
2024-01-31,briefingt,104162
2024-01-31,contracts_nil,74
2024-01-31,parliament_report,371
2024-01-30,ati_nil,3109
2024-01-30,parliament_report,370
2024-01-30,parliament_committee,271
2024-01-30,dac,2917
2024-01-30,parliament_committee_deputy,241
2024-01-30,wrongdoing,47
2024-01-30,grants_nil,169
2024-01-30,travelq,94060
2024-01-30,contracts,1043323
2024-01-30,hospitalityq_nil,3277
2024-01-30,reclassification_nil,861
2024-01-30,adminaircraft,20
2024-01-30,travelq_nil,1990
2024-01-30,contracts_nil,74
2024-01-30,grants,963094
2024-01-30,hospitalityq,22924
2024-01-30,contractsa,398
2024-01-30,briefingt,103692
2024-01-30,ati_all,169419
2024-01-30,transition,69
2024-01-30,travela,489
2024-01-30,transition_deputy,47
2024-01-30,qpnotes,5273
2024-01-30,reclassification,11251
2024-01-28,briefingt,103411
2024-01-28,contracts,1039660
2024-01-28,adminaircraft,20
2024-01-28,travelq_nil,1990
2024-01-28,hospitalityq_nil,3270
2024-01-28,parliament_committee_deputy,241
2024-01-28,reclassification_nil,860
2024-01-28,transition,69
2024-01-28,travela,489
2024-01-28,ati_all,169387
2024-01-28,contractsa,398
2024-01-28,transition_deputy,47
2024-01-28,contracts_nil,74
2024-01-28,dac,2917
2024-01-28,grants_nil,168
2024-01-28,hospitalityq,22884
2024-01-28,ati_nil,3106
2024-01-28,parliament_committee,271
2024-01-28,wrongdoing,47
2024-01-28,grants,952033
2024-01-28,parliament_report,370
2024-01-28,travelq,93816
2024-01-28,qpnotes,5272
2024-01-28,reclassification,11251
2024-01-27,adminaircraft,20
2024-01-27,grants,952031
2024-01-27,travela,489
2024-01-27,parliament_committee,271
2024-01-27,contracts_nil,74
2024-01-27,transition,69
2024-01-27,hospitalityq,22884
2024-01-27,travelq_nil,1990
2024-01-27,ati_nil,3106
2024-01-27,hospitalityq_nil,3270
2024-01-27,reclassification_nil,860
2024-01-27,parliament_report,370
2024-01-27,wrongdoing,47
2024-01-27,travelq,93816
2024-01-27,briefingt,103411
2024-01-27,parliament_committee_deputy,241
2024-01-27,qpnotes,5272
2024-01-27,ati_all,169387
2024-01-27,transition_deputy,47
2024-01-27,contracts,1039660
2024-01-27,dac,2917
2024-01-27,reclassification,11251
2024-01-27,contractsa,398
2024-01-27,grants_nil,168
2024-01-26,ati_nil,3106
2024-01-26,transition,69
2024-01-26,contracts_nil,74
2024-01-26,briefingt,103269
2024-01-26,ati_all,169209
2024-01-26,hospitalityq,22868
2024-01-26,transition_deputy,47
2024-01-26,contractsa,398
2024-01-26,reclassification,11246
2024-01-26,travelq,93702
2024-01-26,wrongdoing,47
2024-01-26,travelq_nil,1990
2024-01-26,parliament_committee,271
2024-01-26,contracts,1037629
2024-01-26,reclassification_nil,859
2024-01-26,hospitalityq_nil,3265
2024-01-26,adminaircraft,20
2024-01-26,parliament_committee_deputy,240
2024-01-26,travela,489
2024-01-26,parliament_report,370
2024-01-26,qpnotes,5272
2024-01-26,dac,2917
2024-01-26,grants_nil,168
2024-01-26,grants,950533
2024-01-25,parliament_report,370
2024-01-25,travelq,93691
2024-01-25,transition,69
2024-01-25,transition_deputy,47
2024-01-25,grants_nil,167
2024-01-25,contracts,1037554
2024-01-25,travelq_nil,1988
2024-01-25,adminaircraft,20
2024-01-25,hospitalityq_nil,3264
2024-01-25,reclassification,11206
2024-01-25,reclassification_nil,856
2024-01-25,wrongdoing,47
2024-01-25,parliament_committee_deputy,240
2024-01-25,contracts_nil,74
2024-01-25,parliament_committee,271
2024-01-25,qpnotes,5272
2024-01-25,ati_all,169182
2024-01-25,dac,2907
2024-01-25,grants,949934
2024-01-25,travela,489
2024-01-25,contractsa,398
2024-01-25,briefingt,103269
2024-01-25,ati_nil,3106
2024-01-25,hospitalityq,22866
2024-01-24,contractsa,398
2024-01-24,parliament_report,370
2024-01-24,parliament_committee_deputy,240
2024-01-24,briefingt,103112
2024-01-24,qpnotes,5272
2024-01-24,reclassification,11197
2024-01-24,travelq,93680
2024-01-24,wrongdoing,47
2024-01-24,dac,2897
2024-01-24,travela,489
2024-01-24,adminaircraft,20
2024-01-24,transition,69
2024-01-24,hospitalityq,22866
2024-01-24,ati_nil,3105
2024-01-24,grants_nil,167
2024-01-24,travelq_nil,1988
2024-01-24,grants,949925
2024-01-24,hospitalityq_nil,3262
2024-01-24,ati_all,169081
2024-01-24,transition_deputy,47
2024-01-24,parliament_committee,271
2024-01-24,contracts_nil,74
2024-01-24,contracts,1037381
2024-01-24,reclassification_nil,854
2024-01-23,reclassification,11197
2024-01-23,parliament_committee_deputy,240
2024-01-23,grants_nil,167
2024-01-23,transition_deputy,47
2024-01-23,ati_nil,3104
2024-01-23,travela,489
2024-01-23,reclassification_nil,853
2024-01-23,parliament_report,370
2024-01-23,parliament_committee,271
2024-01-23,ati_all,169077
2024-01-23,adminaircraft,20
2024-01-23,hospitalityq,22859
2024-01-23,contracts,1037362
2024-01-23,dac,2897
2024-01-23,transition,69
2024-01-23,wrongdoing,47
2024-01-23,contractsa,398
2024-01-23,qpnotes,5272
2024-01-23,travelq,93607
2024-01-23,contracts_nil,74
2024-01-23,hospitalityq_nil,3261
2024-01-23,briefingt,103106
2024-01-23,grants,949656
2024-01-23,travelq_nil,1988
2024-01-22,qpnotes,5272
2024-01-22,ati_all,169041
2024-01-22,transition_deputy,47
2024-01-22,travela,489
2024-01-22,dac,2893
2024-01-22,hospitalityq_nil,3260
2024-01-22,parliament_committee_deputy,240
2024-01-22,hospitalityq,22859
2024-01-22,adminaircraft,20
2024-01-22,grants,949651
2024-01-22,ati_nil,3100
2024-01-22,reclassification_nil,849
2024-01-22,reclassification,11197
2024-01-22,contractsa,398
2024-01-22,parliament_committee,271
2024-01-22,contracts_nil,74
2024-01-22,grants_nil,167
2024-01-22,travelq_nil,1987
2024-01-22,travelq,93607
2024-01-22,contracts,1037361
2024-01-22,briefingt,103032
2024-01-22,parliament_report,370
2024-01-22,transition,69
2024-01-22,wrongdoing,47
2024-01-21,parliament_committee,271
2024-01-21,reclassification_nil,849
2024-01-21,wrongdoing,47
2024-01-21,contracts_nil,74
2024-01-21,hospitalityq,22859
2024-01-21,adminaircraft,20
2024-01-21,parliament_committee_deputy,240
2024-01-21,qpnotes,5272
2024-01-21,contracts,1037361
2024-01-21,hospitalityq_nil,3260
2024-01-21,ati_nil,3100
2024-01-21,parliament_report,370
2024-01-21,ati_all,169041
2024-01-21,contractsa,398
2024-01-21,grants_nil,167
2024-01-21,reclassification,11197
2024-01-21,briefingt,103032
2024-01-21,travelq_nil,1987
2024-01-21,travelq,93607
2024-01-21,transition_deputy,47
2024-01-21,travela,489
2024-01-21,dac,2893
2024-01-21,grants,949651
2024-01-21,transition,69
2024-01-20,hospitalityq_nil,3260
2024-01-20,reclassification,11197
2024-01-20,qpnotes,5272
2024-01-20,briefingt,103032
2024-01-20,parliament_committee_deputy,235
2024-01-20,dac,2893
2024-01-20,contractsa,398
2024-01-20,hospitalityq,22859
2024-01-20,travela,489
2024-01-20,adminaircraft,20
2024-01-20,ati_nil,3100
2024-01-20,parliament_committee,271
2024-01-20,parliament_report,370
2024-01-20,grants_nil,167
2024-01-20,grants,949651
2024-01-20,contracts,1037361
2024-01-20,ati_all,169041
2024-01-20,travelq,93607
2024-01-20,transition,69
2024-01-20,reclassification_nil,849
2024-01-20,contracts_nil,74
2024-01-20,transition_deputy,47
2024-01-20,wrongdoing,47
2024-01-20,travelq_nil,1987
2024-01-19,travelq,93556
2024-01-19,parliament_committee_deputy,235
2024-01-19,transition_deputy,47
2024-01-19,parliament_report,370
2024-01-19,parliament_committee,270
2024-01-19,travela,489
2024-01-19,briefingt,102965
2024-01-19,dac,2893
2024-01-19,travelq_nil,1987
2024-01-19,adminaircraft,20
2024-01-19,reclassification,11197
2024-01-19,hospitalityq,22851
2024-01-19,reclassification_nil,849
2024-01-19,wrongdoing,47
2024-01-19,qpnotes,5272
2024-01-19,hospitalityq_nil,3260
2024-01-19,transition,69
2024-01-19,ati_all,168984
2024-01-19,contracts_nil,74
2024-01-19,contracts,1037356
2024-01-19,grants_nil,167
2024-01-19,grants,949651
2024-01-19,ati_nil,3099
2024-01-19,contractsa,398
2024-01-18,wrongdoing,47
2024-01-18,travela,489
2024-01-18,hospitalityq,22851
2024-01-18,briefingt,102965
2024-01-18,contractsa,398
2024-01-18,ati_all,168859
2024-01-18,reclassification_nil,849
2024-01-18,grants,949645
2024-01-18,parliament_committee,268
2024-01-18,parliament_report,370
2024-01-18,ati_nil,3092
2024-01-18,transition,69
2024-01-18,qpnotes,5272
2024-01-18,parliament_committee_deputy,235
2024-01-18,reclassification,11195
2024-01-18,contracts_nil,74
2024-01-18,grants_nil,167
2024-01-18,travelq,93553
2024-01-18,adminaircraft,20
2024-01-18,transition_deputy,47
2024-01-18,dac,2889
2024-01-18,contracts,1037356
2024-01-18,hospitalityq_nil,3258
2024-01-18,travelq_nil,1987
2024-01-17,ati_all,168710
2024-01-17,dac,2889
2024-01-17,reclassification_nil,849
2024-01-17,contracts,1037356
2024-01-17,ati_nil,3090
2024-01-17,hospitalityq,22851
2024-01-17,grants_nil,167
2024-01-17,qpnotes,5272
2024-01-17,travelq,93552
2024-01-17,grants,949518
2024-01-17,parliament_report,369
2024-01-17,transition,69
2024-01-17,contractsa,398
2024-01-17,hospitalityq_nil,3255
2024-01-17,reclassification,11186
2024-01-17,wrongdoing,47
2024-01-17,parliament_committee_deputy,235
2024-01-17,travela,489
2024-01-17,contracts_nil,74
2024-01-17,briefingt,102962
2024-01-17,transition_deputy,47
2024-01-17,adminaircraft,20
2024-01-17,parliament_committee,267
2024-01-17,travelq_nil,1987
2024-01-16,grants_nil,167
2024-01-16,adminaircraft,20
2024-01-16,dac,2882
2024-01-16,parliament_report,369
2024-01-16,hospitalityq_nil,3255
2024-01-16,contracts_nil,74
2024-01-16,grants,949519
2024-01-16,parliament_committee_deputy,233
2024-01-16,travela,489
2024-01-16,hospitalityq,22851
2024-01-16,parliament_committee,267
2024-01-16,reclassification_nil,849
2024-01-16,ati_nil,3087
2024-01-16,wrongdoing,47
2024-01-16,travelq_nil,1987
2024-01-16,qpnotes,5254
2024-01-16,briefingt,102910
2024-01-16,reclassification,11173
2024-01-16,ati_all,168679
2024-01-16,transition,69
2024-01-16,contracts,1037176
2024-01-16,contractsa,398
2024-01-16,travelq,93552
2024-01-16,transition_deputy,47
2024-01-15,briefingt,102910
2024-01-15,reclassification_nil,848
2024-01-15,ati_nil,3090
2024-01-15,qpnotes,5172
2024-01-15,contracts_nil,74
2024-01-15,travelq_nil,1987
2024-01-15,hospitalityq_nil,3253
2024-01-15,transition,69
2024-01-15,transition_deputy,47
2024-01-15,wrongdoing,47
2024-01-15,parliament_committee,267
2024-01-15,contractsa,398
2024-01-15,hospitalityq,22851
2024-01-15,travela,489
2024-01-15,parliament_committee_deputy,233
2024-01-15,adminaircraft,20
2024-01-15,reclassification,11166
2024-01-15,parliament_report,369
2024-01-15,travelq,93561
2024-01-15,grants_nil,167
2024-01-15,dac,2882
2024-01-15,ati_all,168677
2024-01-15,contracts,1037153
2024-01-15,grants,949518
2024-01-14,travelq,93561
2024-01-14,ati_all,168677
2024-01-14,grants,949518
2024-01-14,adminaircraft,20
2024-01-14,travela,489
2024-01-14,grants_nil,167
2024-01-14,parliament_committee_deputy,233
2024-01-14,transition_deputy,47
2024-01-14,contractsa,398
2024-01-14,briefingt,102910
2024-01-14,contracts,1037153
2024-01-14,hospitalityq_nil,3253
2024-01-14,travelq_nil,1987
2024-01-14,parliament_report,369
2024-01-14,reclassification,11166
2024-01-14,parliament_committee,267
2024-01-14,hospitalityq,22851
2024-01-14,reclassification_nil,848
2024-01-14,dac,2882
2024-01-14,ati_nil,3090
2024-01-14,contracts_nil,74
2024-01-14,qpnotes,5172
2024-01-14,wrongdoing,47
2024-01-14,transition,69
2024-01-13,briefingt,102910
2024-01-13,travelq_nil,1987
2024-01-13,dac,2882
2024-01-13,reclassification_nil,848
2024-01-13,qpnotes,5148
2024-01-13,parliament_report,369
2024-01-13,adminaircraft,20
2024-01-13,travelq,93561
2024-01-13,reclassification,11166
2024-01-13,contracts_nil,74
2024-01-13,hospitalityq_nil,3253
2024-01-13,parliament_committee_deputy,233
2024-01-13,ati_nil,3090
2024-01-13,contractsa,398
2024-01-13,ati_all,168677
2024-01-13,grants_nil,167
2024-01-13,travela,489
2024-01-13,parliament_committee,267
2024-01-13,contracts,1037153
2024-01-13,hospitalityq,22851
2024-01-13,transition_deputy,47
2024-01-13,grants,949518
2024-01-13,transition,69
2024-01-13,wrongdoing,47
2024-01-12,transition_deputy,47
2024-01-12,contracts,1037102
2024-01-12,travelq_nil,1987
2024-01-12,transition,69
2024-01-12,grants_nil,167
2024-01-12,travela,489
2024-01-12,hospitalityq,22850
2024-01-12,travelq,93561
2024-01-12,ati_nil,3081
2024-01-12,parliament_report,369
2024-01-12,grants,949518
2024-01-12,parliament_committee,267
2024-01-12,wrongdoing,47
2024-01-12,ati_all,168671
2024-01-12,contractsa,398
2024-01-12,briefingt,102908
2024-01-12,parliament_committee_deputy,233
2024-01-12,hospitalityq_nil,3253
2024-01-12,adminaircraft,20
2024-01-12,dac,2882
2024-01-12,reclassification,11165
2024-01-12,reclassification_nil,848
2024-01-12,contracts_nil,74
2024-01-12,qpnotes,4921
2024-01-11,dac,2882
2024-01-11,qpnotes,4838
2024-01-11,contracts_nil,74
2024-01-11,travela,489
2024-01-11,travelq,93560
2024-01-11,reclassification,11165
2024-01-11,parliament_report,369
2024-01-11,hospitalityq,22849
2024-01-11,briefingt,102894
2024-01-11,contractsa,398
2024-01-11,grants,949519
2024-01-11,grants_nil,167
2024-01-11,wrongdoing,47
2024-01-11,ati_all,168619
2024-01-11,parliament_committee,267
2024-01-11,transition,69
2024-01-11,contracts,1037102
2024-01-11,parliament_committee_deputy,233
2024-01-11,ati_nil,3081
2024-01-11,adminaircraft,20
2024-01-11,hospitalityq_nil,3253
2024-01-11,travelq_nil,1987
2024-01-11,transition_deputy,47
2024-01-11,reclassification_nil,847
2024-01-10,hospitalityq,22848
2024-01-10,travelq_nil,1986
2024-01-10,ati_all,168615
2024-01-10,dac,2882
2024-01-10,contractsa,398
2024-01-10,reclassification_nil,847
2024-01-10,contracts_nil,74
2024-01-10,transition,69
2024-01-10,wrongdoing,47
2024-01-10,grants,949517
2024-01-10,travela,488
2024-01-10,grants_nil,167
2024-01-10,qpnotes,4786
2024-01-10,contracts,1037105
2024-01-10,adminaircraft,20
2024-01-10,transition_deputy,47
2024-01-10,hospitalityq_nil,3252
2024-01-10,briefingt,102895
2024-01-10,parliament_committee_deputy,233
2024-01-10,ati_nil,3078
2024-01-10,travelq,93560
2024-01-10,parliament_report,369
2024-01-10,reclassification,11165
2024-01-10,parliament_committee,267
2024-01-09,qpnotes,4771
2024-01-09,contractsa,398
2024-01-09,travelq,93543
2024-01-09,contracts_nil,74
2024-01-09,dac,2882
2024-01-09,parliament_report,369
2024-01-09,contracts,1037031
2024-01-09,grants,949368
2024-01-09,parliament_committee,267
2024-01-09,ati_all,168579
2024-01-09,parliament_committee_deputy,233
2024-01-09,reclassification,11147
2024-01-09,briefingt,102881
2024-01-09,travela,488
2024-01-09,adminaircraft,20
2024-01-09,hospitalityq,22848
2024-01-09,travelq_nil,1986
2024-01-09,transition_deputy,46
2024-01-09,transition,69
2024-01-09,wrongdoing,47
2024-01-09,ati_nil,3075
2024-01-09,hospitalityq_nil,3252
2024-01-09,reclassification_nil,846
2024-01-09,grants_nil,167
2024-01-08,qpnotes,4751
2024-01-08,parliament_committee_deputy,233
2024-01-08,adminaircraft,20
2024-01-08,grants_nil,167
2024-01-08,briefingt,102877
2024-01-08,contracts,1037031
2024-01-08,parliament_committee,267
2024-01-08,transition_deputy,46
2024-01-08,ati_all,168532
2024-01-08,hospitalityq_nil,3251
2024-01-08,ati_nil,3076
2024-01-08,reclassification,11144
2024-01-08,contractsa,398
2024-01-08,reclassification_nil,843
2024-01-08,contracts_nil,74
2024-01-08,wrongdoing,47
2024-01-08,travelq_nil,1985
2024-01-08,hospitalityq,22847
2024-01-08,grants,949368
2024-01-08,travelq,93531
2024-01-08,travela,488
2024-01-08,parliament_report,369
2024-01-08,transition,69
2024-01-08,dac,2882
2024-01-07,contractsa,398
2024-01-07,briefingt,102877
2024-01-07,reclassification,11144
2024-01-07,travelq,93531
2024-01-07,travelq_nil,1985
2024-01-07,transition,69
2024-01-07,transition_deputy,46
2024-01-07,contracts,1037031
2024-01-07,parliament_report,369
2024-01-07,hospitalityq,22847
2024-01-07,wrongdoing,47
2024-01-07,reclassification_nil,843
2024-01-07,contracts_nil,74
2024-01-07,grants,949368
2024-01-07,travela,488
2024-01-07,hospitalityq_nil,3251
2024-01-07,grants_nil,167
2024-01-07,parliament_committee_deputy,233
2024-01-07,dac,2882
2024-01-07,qpnotes,4751
2024-01-07,ati_nil,3076
2024-01-07,ati_all,168532
2024-01-07,parliament_committee,267
2024-01-07,adminaircraft,20
2024-01-06,transition_deputy,46
2024-01-06,hospitalityq,22847
2024-01-06,travela,488
2024-01-06,grants_nil,167
2024-01-06,adminaircraft,20
2024-01-06,briefingt,102877
2024-01-06,transition,69
2024-01-06,parliament_committee_deputy,233
2024-01-06,wrongdoing,47
2024-01-06,parliament_committee,267
2024-01-06,hospitalityq_nil,3251
2024-01-06,grants,949368
2024-01-06,contracts_nil,74
2024-01-06,reclassification,11144
2024-01-06,parliament_report,369
2024-01-06,dac,2882
2024-01-06,contractsa,398
2024-01-06,qpnotes,4751
2024-01-06,travelq,93531
2024-01-06,ati_all,168532
2024-01-06,ati_nil,3076
2024-01-06,reclassification_nil,843
2024-01-06,contracts,1037031
2024-01-06,travelq_nil,1985
2024-01-05,qpnotes,4751
2024-01-05,dac,2882
2024-01-05,adminaircraft,20
2024-01-05,wrongdoing,47
2024-01-05,transition,69
2024-01-05,contractsa,397
2024-01-05,hospitalityq_nil,3251
2024-01-05,contracts,1037031
2024-01-05,grants,949368
2024-01-05,contracts_nil,74
2024-01-05,hospitalityq,22847
2024-01-05,travelq_nil,1985
2024-01-05,briefingt,102877
2024-01-05,transition_deputy,46
2024-01-05,travelq,93531
2024-01-05,reclassification_nil,843
2024-01-05,parliament_committee_deputy,233
2024-01-05,parliament_committee,267
2024-01-05,ati_all,168519
2024-01-05,travela,488
2024-01-05,grants_nil,167
2024-01-05,reclassification,11114
2024-01-05,ati_nil,3076
2024-01-05,parliament_report,369
2024-01-04,ati_nil,3066
2024-01-04,briefingt,102877
2024-01-04,parliament_committee_deputy,233
2024-01-04,grants,949369
2024-01-04,reclassification_nil,842
2024-01-04,wrongdoing,47
2024-01-04,hospitalityq_nil,3251
2024-01-04,parliament_report,370
2024-01-04,parliament_committee,267
2024-01-04,transition_deputy,46
2024-01-04,adminaircraft,20
2024-01-04,grants_nil,167
2024-01-04,hospitalityq,22847
2024-01-04,contracts,1037031
2024-01-04,contractsa,397
2024-01-04,travela,488
2024-01-04,travelq,93531
2024-01-04,contracts_nil,74
2024-01-04,travelq_nil,1985
2024-01-04,dac,2882
2024-01-04,qpnotes,4751
2024-01-04,transition,69
2024-01-04,reclassification,11114
2024-01-04,ati_all,168354
2024-01-03,contractsa,397
2024-01-03,adminaircraft,20
2024-01-03,ati_all,168242
2024-01-03,travela,488
2024-01-03,wrongdoing,47
2024-01-03,parliament_committee,267
2024-01-03,travelq,93502
2024-01-03,qpnotes,4751
2024-01-03,hospitalityq_nil,3249
2024-01-03,travelq_nil,1984
2024-01-03,ati_nil,3061
2024-01-03,briefingt,102877
2024-01-03,parliament_committee_deputy,233
2024-01-03,transition,69
2024-01-03,grants,949369
2024-01-03,transition_deputy,46
2024-01-03,parliament_report,370
2024-01-03,contracts_nil,74
2024-01-03,dac,2882
2024-01-03,hospitalityq,22845
2024-01-03,reclassification,11114
2024-01-03,grants_nil,167
2024-01-03,reclassification_nil,842
2024-01-03,contracts,1037031
2024-01-02,travela,488
2024-01-02,briefingt,102844
2024-01-02,hospitalityq,22844
2024-01-02,parliament_report,370
2024-01-02,travelq,93493
2024-01-02,ati_nil,3053
2024-01-02,transition_deputy,46
2024-01-02,contracts,1037031
2024-01-02,reclassification,11114
2024-01-02,adminaircraft,20
2024-01-02,grants_nil,167
2024-01-02,hospitalityq_nil,3247
2024-01-02,contractsa,397
2024-01-02,contracts_nil,74
2024-01-02,parliament_committee_deputy,233
2024-01-02,dac,2882
2024-01-02,transition,69
2024-01-02,reclassification_nil,839
2024-01-02,wrongdoing,47
2024-01-02,travelq_nil,1984
2024-01-02,grants,949369
2024-01-02,qpnotes,4751
2024-01-02,ati_all,168196
2024-01-02,parliament_committee,267
2024-01-01,hospitalityq_nil,3247
2024-01-01,adminaircraft,20
2024-01-01,contractsa,397
2024-01-01,contracts_nil,74
2024-01-01,parliament_committee_deputy,233
2024-01-01,parliament_report,370
2024-01-01,ati_all,168196
2024-01-01,hospitalityq,22844
2024-01-01,briefingt,102844
2024-01-01,reclassification_nil,839
2024-01-01,dac,2882
2024-01-01,parliament_committee,267
2024-01-01,reclassification,11114
2024-01-01,grants_nil,167
2024-01-01,grants,949369
2024-01-01,travela,488
2024-01-01,wrongdoing,47
2024-01-01,qpnotes,4751
2024-01-01,travelq,93493
2024-01-01,transition_deputy,46
2024-01-01,ati_nil,3053
2024-01-01,transition,69
2024-01-01,travelq_nil,1984
2024-01-01,contracts,1037031
2023-12-31,wrongdoing,47
2023-12-31,hospitalityq,22844
2023-12-31,adminaircraft,20
2023-12-31,contracts_nil,74
2023-12-31,travela,488
2023-12-31,contracts,1037031
2023-12-31,contractsa,397
2023-12-31,transition,69
2023-12-31,qpnotes,4751
2023-12-31,reclassification_nil,839
2023-12-31,ati_nil,3053
2023-12-31,grants_nil,167
2023-12-31,dac,2882
2023-12-31,travelq,93493
2023-12-31,parliament_committee_deputy,233
2023-12-31,ati_all,168196
2023-12-31,travelq_nil,1984
2023-12-31,parliament_committee,267
2023-12-31,hospitalityq_nil,3247
2023-12-31,grants,949369
2023-12-31,transition_deputy,46
2023-12-31,reclassification,11114
2023-12-31,parliament_report,370
2023-12-31,briefingt,102844
2023-12-30,parliament_committee,267
2023-12-30,transition,69
2023-12-30,briefingt,102844
2023-12-30,qpnotes,4751
2023-12-30,hospitalityq,22841
2023-12-30,reclassification_nil,839
2023-12-30,transition_deputy,46
2023-12-30,ati_nil,3053
2023-12-30,grants_nil,167
2023-12-30,grants,949369
2023-12-30,travelq_nil,1984
2023-12-30,travelq,93493
2023-12-30,contractsa,397
2023-12-30,dac,2882
2023-12-30,parliament_committee_deputy,233
2023-12-30,contracts,1037031
2023-12-30,wrongdoing,47
2023-12-30,hospitalityq_nil,3247
2023-12-30,travela,488
2023-12-30,contracts_nil,74
2023-12-30,reclassification,11114
2023-12-30,adminaircraft,20
2023-12-30,parliament_report,370
2023-12-30,ati_all,168196
2023-12-29,contractsa,397
2023-12-29,wrongdoing,47
2023-12-29,adminaircraft,20
2023-12-29,parliament_committee,267
2023-12-29,dac,2882
2023-12-29,parliament_committee_deputy,233
2023-12-29,grants_nil,167
2023-12-29,hospitalityq_nil,3243
2023-12-29,ati_all,168023
2023-12-29,contracts_nil,74
2023-12-29,reclassification_nil,839
2023-12-29,ati_nil,3052
2023-12-29,travelq_nil,1982
2023-12-29,qpnotes,4751
2023-12-29,transition,69
2023-12-29,travela,488
2023-12-29,contracts,1037031
2023-12-29,hospitalityq,22829
2023-12-29,reclassification,11114
2023-12-29,travelq,93314
2023-12-29,grants,949369
2023-12-29,briefingt,102149
2023-12-29,transition_deputy,46
2023-12-29,parliament_report,370
2023-12-28,parliament_committee,267
2023-12-28,transition_deputy,46
2023-12-28,briefingt,102064
2023-12-28,hospitalityq_nil,3239
2023-12-28,grants,949369
2023-12-28,reclassification,11112
2023-12-28,parliament_report,369
2023-12-28,adminaircraft,20
2023-12-28,wrongdoing,47
2023-12-28,reclassification_nil,839
2023-12-28,travelq,92893
2023-12-28,transition,69
2023-12-28,qpnotes,4751
2023-12-28,dac,2882
2023-12-28,ati_nil,3050
2023-12-28,travela,488
2023-12-28,contracts_nil,74
2023-12-28,travelq_nil,1972
2023-12-28,grants_nil,167
2023-12-28,contractsa,397
2023-12-28,hospitalityq,22792
2023-12-28,contracts,1037025
2023-12-28,parliament_committee_deputy,233
2023-12-28,ati_all,167897
2023-12-27,dac,2882
2023-12-27,transition_deputy,46
2023-12-27,qpnotes,4751
2023-12-27,wrongdoing,47
2023-12-27,briefingt,101916
2023-12-27,hospitalityq_nil,3238
2023-12-27,ati_all,167897
2023-12-27,contractsa,397
2023-12-27,reclassification_nil,839
2023-12-27,contracts_nil,74
2023-12-27,reclassification,11112
2023-12-27,parliament_committee_deputy,233
2023-12-27,transition,69
2023-12-27,grants,949369
2023-12-27,ati_nil,3050
2023-12-27,parliament_committee,267
2023-12-27,grants_nil,167
2023-12-27,travela,488
2023-12-27,hospitalityq,22773
2023-12-27,contracts,1037025
2023-12-27,parliament_report,369
2023-12-27,adminaircraft,20
2023-12-27,travelq,92817
2023-12-27,travelq_nil,1970
2023-12-26,briefingt,101916
2023-12-26,qpnotes,4751
2023-12-26,grants,949369
2023-12-26,reclassification,11112
2023-12-26,transition,69
2023-12-26,parliament_committee_deputy,233
2023-12-26,wrongdoing,47
2023-12-26,grants_nil,167
2023-12-26,adminaircraft,20
2023-12-26,hospitalityq,22773
2023-12-26,travela,488
2023-12-26,ati_nil,3050
2023-12-26,contracts_nil,74
2023-12-26,reclassification_nil,839
2023-12-26,transition_deputy,46
2023-12-26,ati_all,167897
2023-12-26,parliament_report,369
2023-12-26,contractsa,397
2023-12-26,travelq_nil,1970
2023-12-26,parliament_committee,267
2023-12-26,contracts,1037025
2023-12-26,dac,2882
2023-12-26,hospitalityq_nil,3238
2023-12-26,travelq,92817
2023-12-25,ati_nil,3050
2023-12-25,contracts,1037025
2023-12-25,travela,488
2023-12-25,contractsa,397
2023-12-25,travelq,92817
2023-12-25,hospitalityq,22773
2023-12-25,adminaircraft,20
2023-12-25,dac,2882
2023-12-25,parliament_committee_deputy,233
2023-12-25,grants,949369
2023-12-25,qpnotes,4751
2023-12-25,contracts_nil,74
2023-12-25,ati_all,167897
2023-12-25,reclassification_nil,839
2023-12-25,grants_nil,167
2023-12-25,parliament_report,369
2023-12-25,hospitalityq_nil,3238
2023-12-25,wrongdoing,47
2023-12-25,reclassification,11112
2023-12-25,travelq_nil,1970
2023-12-25,parliament_committee,267
2023-12-25,briefingt,101916
2023-12-25,transition_deputy,46
2023-12-25,transition,69
2023-12-24,parliament_committee,267
2023-12-24,transition_deputy,46
2023-12-24,parliament_committee_deputy,233
2023-12-24,travelq_nil,1970
2023-12-24,contractsa,397
2023-12-24,dac,2882
2023-12-24,hospitalityq_nil,3238
2023-12-24,contracts_nil,74
2023-12-24,contracts,1037025
2023-12-24,ati_all,167897
2023-12-24,qpnotes,4751
2023-12-24,briefingt,101916
2023-12-24,adminaircraft,20
2023-12-24,travela,488
2023-12-24,reclassification_nil,839
2023-12-24,ati_nil,3050
2023-12-24,transition,69
2023-12-24,grants_nil,167
2023-12-24,travelq,92817
2023-12-24,reclassification,11112
2023-12-24,hospitalityq,22773
2023-12-24,wrongdoing,47
2023-12-24,parliament_report,369
2023-12-24,grants,949369
2023-12-23,parliament_report,369
2023-12-23,qpnotes,4751
2023-12-23,reclassification,11112
2023-12-23,dac,2882
2023-12-23,transition,69
2023-12-23,briefingt,101893
2023-12-23,transition_deputy,46
2023-12-23,hospitalityq,22773
2023-12-23,contracts_nil,74
2023-12-23,travela,488
2023-12-23,parliament_committee,267
2023-12-23,ati_all,167897
2023-12-23,hospitalityq_nil,3238
2023-12-23,travelq_nil,1970
2023-12-23,grants_nil,167
2023-12-23,wrongdoing,47
2023-12-23,contracts,1037025
2023-12-23,travelq,92817
2023-12-23,ati_nil,3050
2023-12-23,contractsa,397
2023-12-23,parliament_committee_deputy,231
2023-12-23,reclassification_nil,839
2023-12-23,grants,949369
2023-12-23,adminaircraft,20
2023-12-22,ati_nil,3050
2023-12-22,briefingt,101549
2023-12-22,ati_all,167654
2023-12-22,hospitalityq,22740
2023-12-22,transition,69
2023-12-22,travela,488
2023-12-22,parliament_committee,267
2023-12-22,grants_nil,167
2023-12-22,reclassification,11112
2023-12-22,qpnotes,4751
2023-12-22,wrongdoing,47
2023-12-22,parliament_report,369
2023-12-22,hospitalityq_nil,3235
2023-12-22,travelq_nil,1968
2023-12-22,reclassification_nil,839
2023-12-22,adminaircraft,20
2023-12-22,travelq,92617
2023-12-22,contractsa,397
2023-12-22,contracts,1037025
2023-12-22,contracts_nil,74
2023-12-22,parliament_committee_deputy,231
2023-12-22,transition_deputy,46
2023-12-22,dac,2882
2023-12-22,grants,949369
2023-12-21,qpnotes,4751
2023-12-21,wrongdoing,47
2023-12-21,briefingt,101425
2023-12-21,grants_nil,167
2023-12-21,contracts,1037021
2023-12-21,parliament_report,369
2023-12-21,transition_deputy,46
2023-12-21,hospitalityq_nil,3232
2023-12-21,grants,949369
2023-12-21,parliament_committee_deputy,230
2023-12-21,reclassification_nil,839
2023-12-21,ati_all,167516
2023-12-21,parliament_committee,267
2023-12-21,travela,488
2023-12-21,reclassification,11112
2023-12-21,ati_nil,3047
2023-12-21,hospitalityq,22698
2023-12-21,transition,69
2023-12-21,dac,2882
2023-12-21,contractsa,397
2023-12-21,adminaircraft,20
2023-12-21,travelq,92525
2023-12-21,travelq_nil,1967
2023-12-21,contracts_nil,74
2023-12-20,ati_nil,3040
2023-12-20,grants,949375
2023-12-20,transition_deputy,46
2023-12-20,transition,69
2023-12-20,parliament_committee_deputy,230
2023-12-20,wrongdoing,47
2023-12-20,reclassification_nil,839
2023-12-20,ati_all,167493
2023-12-20,parliament_committee,267
2023-12-20,adminaircraft,20
2023-12-20,contracts_nil,74
2023-12-20,hospitalityq_nil,3227
2023-12-20,reclassification,11111
2023-12-20,hospitalityq,22687
2023-12-20,briefingt,101214
2023-12-20,dac,2882
2023-12-20,travela,483
2023-12-20,parliament_report,369
2023-12-20,qpnotes,4751
2023-12-20,contracts,1037000
2023-12-20,grants_nil,167
2023-12-20,travelq,92427
2023-12-20,contractsa,397
2023-12-20,travelq_nil,1965
2023-12-19,parliament_committee,267
2023-12-19,briefingt,101196
2023-12-19,adminaircraft,20
2023-12-19,parliament_committee_deputy,230
2023-12-19,ati_all,167490
2023-12-19,parliament_report,369
2023-12-19,contracts_nil,74
2023-12-19,ati_nil,3037
2023-12-19,transition,69
2023-12-19,transition_deputy,46
2023-12-19,contracts,1037000
2023-12-19,wrongdoing,47
2023-12-19,qpnotes,4751
2023-12-19,hospitalityq_nil,3226
2023-12-19,contractsa,397
2023-12-19,travelq_nil,1964
2023-12-19,grants,949375
2023-12-19,dac,2882
2023-12-19,travelq,92392
2023-12-19,travela,483
2023-12-19,grants_nil,167
2023-12-19,reclassification_nil,838
2023-12-19,hospitalityq,22679
2023-12-19,reclassification,11111
2023-12-18,ati_nil,3033
2023-12-18,dac,2882
2023-12-18,transition,69
2023-12-18,grants,949375
2023-12-18,parliament_committee,267
2023-12-18,wrongdoing,47
2023-12-18,hospitalityq_nil,3224
2023-12-18,contractsa,397
2023-12-18,contracts_nil,74
2023-12-18,contracts,1036970
2023-12-18,travelq_nil,1964
2023-12-18,reclassification_nil,838
2023-12-18,ati_all,167419
2023-12-18,hospitalityq,22677
2023-12-18,parliament_committee_deputy,230
2023-12-18,adminaircraft,20
2023-12-18,travelq,92345
2023-12-18,parliament_report,369
2023-12-18,qpnotes,4751
2023-12-18,briefingt,101194
2023-12-18,reclassification,11085
2023-12-18,transition_deputy,46
2023-12-18,grants_nil,167
2023-12-18,travela,483
2023-12-17,parliament_committee_deputy,230
2023-12-17,transition_deputy,46
2023-12-17,hospitalityq,22677
2023-12-17,contractsa,397
2023-12-17,ati_all,167419
2023-12-17,transition,69
2023-12-17,dac,2882
2023-12-17,qpnotes,4751
2023-12-17,reclassification_nil,838
2023-12-17,contracts_nil,74
2023-12-17,travelq,92345
2023-12-17,wrongdoing,47
2023-12-17,adminaircraft,20
2023-12-17,briefingt,101194
2023-12-17,travelq_nil,1964
2023-12-17,grants_nil,167
2023-12-17,travela,483
2023-12-17,ati_nil,3033
2023-12-17,parliament_committee,267
2023-12-17,grants,949375
2023-12-17,reclassification,11085
2023-12-17,hospitalityq_nil,3224
2023-12-17,parliament_report,369
2023-12-17,contracts,1036970
2023-12-16,qpnotes,4751
2023-12-16,travela,483
2023-12-16,parliament_report,368
2023-12-16,parliament_committee_deputy,228
2023-12-16,ati_all,167419
2023-12-16,adminaircraft,20
2023-12-16,hospitalityq,22677
2023-12-16,grants_nil,167
2023-12-16,travelq,92345
2023-12-16,reclassification_nil,838
2023-12-16,dac,2882
2023-12-16,ati_nil,3033
2023-12-16,wrongdoing,47
2023-12-16,hospitalityq_nil,3224
2023-12-16,contractsa,397
2023-12-16,transition_deputy,46
2023-12-16,contracts,1036970
2023-12-16,parliament_committee,267
2023-12-16,grants,949375
2023-12-16,contracts_nil,74
2023-12-16,reclassification,11085
2023-12-16,briefingt,101194
2023-12-16,travelq_nil,1964
2023-12-16,transition,69
2023-12-15,dac,2882
2023-12-15,contractsa,397
2023-12-15,hospitalityq,22677
2023-12-15,grants_nil,167
2023-12-15,briefingt,101178
2023-12-15,reclassification_nil,838
2023-12-15,adminaircraft,20
2023-12-15,transition,69
2023-12-15,transition_deputy,46
2023-12-15,parliament_committee,267
2023-12-15,travela,483
2023-12-15,travelq_nil,1964
2023-12-15,ati_all,167407
2023-12-15,contracts,1036970
2023-12-15,travelq,92342
2023-12-15,hospitalityq_nil,3224
2023-12-15,reclassification,11085
2023-12-15,grants,949374
2023-12-15,wrongdoing,47
2023-12-15,qpnotes,4751
2023-12-15,ati_nil,3020
2023-12-15,parliament_committee_deputy,228
2023-12-15,parliament_report,368
2023-12-15,contracts_nil,74
2023-12-14,adminaircraft,20
2023-12-14,grants_nil,167
2023-12-14,contracts_nil,74
2023-12-14,reclassification,11085
2023-12-14,parliament_report,368
2023-12-14,briefingt,101174
2023-12-14,reclassification_nil,838
2023-12-14,hospitalityq_nil,3222
2023-12-14,grants,949373
2023-12-14,transition,69
2023-12-14,travelq,92341
2023-12-14,contracts,1036970
2023-12-14,contractsa,397
2023-12-14,parliament_committee,267
2023-12-14,transition_deputy,46
2023-12-14,travelq_nil,1963
2023-12-14,dac,2882
2023-12-14,ati_all,167290
2023-12-14,parliament_committee_deputy,227
2023-12-14,wrongdoing,47
2023-12-14,travela,483
2023-12-14,hospitalityq,22677
2023-12-14,ati_nil,3012
2023-12-14,qpnotes,4751
2023-12-13,grants,949373
2023-12-13,contracts_nil,74
2023-12-13,contracts,1036970
2023-12-13,qpnotes,4751
2023-12-13,contractsa,397
2023-12-13,grants_nil,167
2023-12-13,transition_deputy,46
2023-12-13,transition,69
2023-12-13,ati_nil,3007
2023-12-13,travelq_nil,1963
2023-12-13,parliament_committee,267
2023-12-13,travela,483
2023-12-13,reclassification_nil,838
2023-12-13,parliament_report,355
2023-12-13,dac,2882
2023-12-13,adminaircraft,20
2023-12-13,parliament_committee_deputy,227
2023-12-13,hospitalityq_nil,3221
2023-12-13,reclassification,11085
2023-12-13,briefingt,101160
2023-12-13,travelq,92304
2023-12-13,hospitalityq,22676
2023-12-13,ati_all,167288
2023-12-13,wrongdoing,47
2023-12-12,travelq,92251
2023-12-12,ati_all,167161
2023-12-12,parliament_committee_deputy,227
2023-12-12,transition_deputy,46
2023-12-12,wrongdoing,47
2023-12-12,reclassification,11085
2023-12-12,ati_nil,2901
2023-12-12,parliament_committee,267
2023-12-12,hospitalityq_nil,3208
2023-12-12,contracts,1036970
2023-12-12,grants,949373
2023-12-12,dac,2882
2023-12-12,parliament_report,355
2023-12-12,reclassification_nil,838
2023-12-12,contracts_nil,74
2023-12-12,transition,69
2023-12-12,grants_nil,167
2023-12-12,adminaircraft,20
2023-12-12,hospitalityq,22668
2023-12-12,briefingt,101134
2023-12-12,qpnotes,4751
2023-12-12,contractsa,395
2023-12-12,travela,483
2023-12-12,travelq_nil,1962
2023-12-11,qpnotes,4751
2023-12-11,wrongdoing,47
2023-12-11,reclassification_nil,838
2023-12-11,hospitalityq,22668
2023-12-11,grants_nil,167
2023-12-11,travelq,92251
2023-12-11,transition,69
2023-12-11,dac,2882
2023-12-11,ati_nil,2901
2023-12-11,travela,483
2023-12-11,contracts_nil,74
2023-12-11,ati_all,167161
2023-12-11,reclassification,11085
2023-12-11,contractsa,395
2023-12-11,transition_deputy,46
2023-12-11,travelq_nil,1962
2023-12-11,parliament_committee,267
2023-12-11,adminaircraft,20
2023-12-11,hospitalityq_nil,3208
2023-12-11,parliament_committee_deputy,227
2023-12-11,parliament_report,355
2023-12-11,briefingt,101134
2023-12-11,contracts,1036970
2023-12-11,grants,949373
2023-12-10,adminaircraft,20
2023-12-10,grants,949373
2023-12-10,parliament_committee,267
2023-12-10,briefingt,101134
2023-12-10,parliament_report,355
2023-12-10,travela,483
2023-12-10,ati_all,167161
2023-12-10,transition_deputy,46
2023-12-10,contracts_nil,74
2023-12-10,transition,69
2023-12-10,reclassification_nil,838
2023-12-10,hospitalityq,22668
2023-12-10,qpnotes,4751
2023-12-10,ati_nil,2901
2023-12-10,travelq_nil,1962
2023-12-10,contractsa,395
2023-12-10,dac,2882
2023-12-10,grants_nil,167
2023-12-10,parliament_committee_deputy,227
2023-12-10,reclassification,11085
2023-12-10,wrongdoing,47
2023-12-10,travelq,92251
2023-12-10,contracts,1036970
2023-12-10,hospitalityq_nil,3208
2023-12-09,travela,483
2023-12-09,transition,69
2023-12-09,qpnotes,4751
2023-12-09,ati_nil,2901
2023-12-09,contracts_nil,74
2023-12-09,travelq,92251
2023-12-09,grants_nil,167
2023-12-09,grants,949373
2023-12-09,dac,2882
2023-12-09,parliament_committee_deputy,227
2023-12-09,parliament_report,355
2023-12-09,transition_deputy,46
2023-12-09,reclassification_nil,838
2023-12-09,hospitalityq,22668
2023-12-09,wrongdoing,47
2023-12-09,hospitalityq_nil,3208
2023-12-09,travelq_nil,1962
2023-12-09,contractsa,395
2023-12-09,ati_all,167161
2023-12-09,contracts,1036970
2023-12-09,briefingt,101134
2023-12-09,parliament_committee,267
2023-12-09,reclassification,11085
2023-12-09,adminaircraft,20
2023-12-08,adminaircraft,20
2023-12-08,travelq,92251
2023-12-08,parliament_report,353
2023-12-08,transition_deputy,46
2023-12-08,travelq_nil,1962
2023-12-08,hospitalityq,22668
2023-12-08,ati_nil,2892
2023-12-08,transition,69
2023-12-08,contracts,1036970
2023-12-08,grants,949373
2023-12-08,contracts_nil,74
2023-12-08,reclassification_nil,838
2023-12-08,wrongdoing,47
2023-12-08,hospitalityq_nil,3208
2023-12-08,parliament_committee,267
2023-12-08,contractsa,395
2023-12-08,grants_nil,167
2023-12-08,ati_all,167069
2023-12-08,travela,483
2023-12-08,reclassification,11085
2023-12-08,parliament_committee_deputy,227
2023-12-08,dac,2882
2023-12-08,briefingt,101134
2023-12-08,qpnotes,4751
2023-12-07,reclassification_nil,838
2023-12-07,grants_nil,167
2023-12-07,briefingt,101038
2023-12-07,grants,949373
2023-12-07,parliament_committee,267
2023-12-07,adminaircraft,20
2023-12-07,qpnotes,4751
2023-12-07,hospitalityq_nil,3208
2023-12-07,wrongdoing,47
2023-12-07,contracts,1036970
2023-12-07,contractsa,395
2023-12-07,transition,69
2023-12-07,ati_nil,2892
2023-12-07,travelq_nil,1962
2023-12-07,ati_all,167062
2023-12-07,parliament_committee_deputy,227
2023-12-07,travelq,92241
2023-12-07,contracts_nil,74
2023-12-07,dac,2882
2023-12-07,parliament_report,353
2023-12-07,travela,483
2023-12-07,hospitalityq,22667
2023-12-07,reclassification,11085
2023-12-07,transition_deputy,46
2023-12-06,transition_deputy,46
2023-12-06,contracts_nil,74
2023-12-06,contracts,1036970
2023-12-06,hospitalityq_nil,3208
2023-12-06,grants_nil,167
2023-12-06,wrongdoing,47
2023-12-06,ati_all,167060
2023-12-06,travelq,92242
2023-12-06,dac,2882
2023-12-06,hospitalityq,22667
2023-12-06,reclassification_nil,838
2023-12-06,ati_nil,2891
2023-12-06,qpnotes,4751
2023-12-06,parliament_committee_deputy,227
2023-12-06,reclassification,11084
2023-12-06,adminaircraft,20
2023-12-06,travelq_nil,1962
2023-12-06,grants,949373
2023-12-06,contractsa,395
2023-12-06,travela,483
2023-12-06,parliament_committee,267
2023-12-06,transition,69
2023-12-06,briefingt,101036
2023-12-06,parliament_report,352
2023-12-05,travela,482
2023-12-05,hospitalityq,22667
2023-12-05,reclassification,11084
2023-12-05,briefingt,100972
2023-12-05,dac,2882
2023-12-05,reclassification_nil,838
2023-12-05,grants,949374
2023-12-05,parliament_report,352
2023-12-05,ati_all,166932
2023-12-05,travelq,92242
2023-12-05,qpnotes,4751
2023-12-05,wrongdoing,47
2023-12-05,contractsa,395
2023-12-05,parliament_committee,267
2023-12-05,grants_nil,167
2023-12-05,transition,69
2023-12-05,transition_deputy,46
2023-12-05,contracts_nil,74
2023-12-05,contracts,1036970
2023-12-05,parliament_committee_deputy,227
2023-12-05,adminaircraft,20
2023-12-05,travelq_nil,1962
2023-12-05,hospitalityq_nil,3208
2023-12-05,ati_nil,2879
2023-12-04,dac,2882
2023-12-04,reclassification,11083
2023-12-04,grants,949374
2023-12-04,contracts_nil,74
2023-12-04,parliament_committee_deputy,227
2023-12-04,briefingt,100967
2023-12-04,grants_nil,167
2023-12-04,travelq,92191
2023-12-04,transition,69
2023-12-04,ati_nil,2873
2023-12-04,travelq_nil,1960
2023-12-04,qpnotes,4751
2023-12-04,adminaircraft,20
2023-12-04,reclassification_nil,837
2023-12-04,travela,482
2023-12-04,hospitalityq_nil,3205
2023-12-04,contractsa,395
2023-12-04,wrongdoing,47
2023-12-04,parliament_report,350
2023-12-04,transition_deputy,46
2023-12-04,ati_all,166918
2023-12-04,contracts,1036952
2023-12-04,parliament_committee,266
2023-12-04,hospitalityq,22658
2023-12-03,parliament_committee_deputy,227
2023-12-03,adminaircraft,20
2023-12-03,briefingt,100967
2023-12-03,travelq_nil,1960
2023-12-03,contractsa,395
2023-12-03,grants,949374
2023-12-03,contracts_nil,74
2023-12-03,wrongdoing,47
2023-12-03,ati_nil,2873
2023-12-03,reclassification,11083
2023-12-03,transition,69
2023-12-03,parliament_committee,266
2023-12-03,qpnotes,4751
2023-12-03,transition_deputy,46
2023-12-03,travelq,92191
2023-12-03,travela,482
2023-12-03,ati_all,166918
2023-12-03,reclassification_nil,837
2023-12-03,dac,2882
2023-12-03,grants_nil,167
2023-12-03,hospitalityq,22658
2023-12-03,hospitalityq_nil,3205
2023-12-03,parliament_report,350
2023-12-03,contracts,1036952
2023-12-02,contracts_nil,74
2023-12-02,grants,949374
2023-12-02,contracts,1036952
2023-12-02,parliament_committee,266
2023-12-02,parliament_report,347
2023-12-02,adminaircraft,20
2023-12-02,parliament_committee_deputy,226
2023-12-02,reclassification_nil,837
2023-12-02,travelq_nil,1960
2023-12-02,qpnotes,4751
2023-12-02,hospitalityq,22658
2023-12-02,travelq,92191
2023-12-02,transition,69
2023-12-02,ati_all,166918
2023-12-02,grants_nil,167
2023-12-02,briefingt,100967
2023-12-02,transition_deputy,46
2023-12-02,contractsa,395
2023-12-02,reclassification,11083
2023-12-02,hospitalityq_nil,3205
2023-12-02,ati_nil,2873
2023-12-02,travela,482
2023-12-02,dac,2882
2023-12-02,wrongdoing,47
2023-12-01,contracts,1036952
2023-12-01,parliament_committee_deputy,226
2023-12-01,reclassification_nil,837
2023-12-01,briefingt,99811
2023-12-01,contractsa,394
2023-12-01,travela,482
2023-12-01,parliament_report,348
2023-12-01,reclassification,11082
2023-12-01,travelq_nil,1959
2023-12-01,transition,69
2023-12-01,qpnotes,4751
2023-12-01,hospitalityq,22525
2023-12-01,dac,2882
2023-12-01,ati_all,166893
2023-12-01,hospitalityq_nil,3200
2023-12-01,grants_nil,167
2023-12-01,travelq,91784
2023-12-01,transition_deputy,46
2023-12-01,grants,949374
2023-12-01,ati_nil,2866
2023-12-01,wrongdoing,47
2023-12-01,adminaircraft,20
2023-12-01,contracts_nil,74
2023-12-01,parliament_committee,266
2023-11-30,transition,69
2023-11-30,parliament_committee_deputy,226
2023-11-30,parliament_committee,266
2023-11-30,reclassification_nil,837
2023-11-30,travela,482
2023-11-30,ati_all,166652
2023-11-30,ati_nil,2847
2023-11-30,travelq,91784
2023-11-30,grants_nil,167
2023-11-30,reclassification,11082
2023-11-30,transition_deputy,46
2023-11-30,parliament_report,346
2023-11-30,grants,949374
2023-11-30,contracts_nil,74
2023-11-30,hospitalityq_nil,3200
2023-11-30,dac,2882
2023-11-30,briefingt,99811
2023-11-30,contractsa,394
2023-11-30,travelq_nil,1959
2023-11-30,qpnotes,4751
2023-11-30,contracts,1036952
2023-11-30,hospitalityq,22525
2023-11-30,adminaircraft,20
2023-11-30,wrongdoing,47
2023-11-29,adminaircraft,20
2023-11-29,transition,69
2023-11-29,travelq,91512
2023-11-29,ati_all,166412
2023-11-29,qpnotes,4751
2023-11-29,hospitalityq_nil,3195
2023-11-29,transition_deputy,46
2023-11-29,hospitalityq,22510
2023-11-29,reclassification,11080
2023-11-29,ati_nil,2843
2023-11-29,grants,949374
2023-11-29,travela,482
2023-11-29,contractsa,394
2023-11-29,briefingt,99300
2023-11-29,travelq_nil,1958
2023-11-29,parliament_report,346
2023-11-29,contracts,1036726
2023-11-29,parliament_committee_deputy,226
2023-11-29,reclassification_nil,837
2023-11-29,contracts_nil,74
2023-11-29,parliament_committee,265
2023-11-29,grants_nil,167
2023-11-29,wrongdoing,46
2023-11-29,dac,2882
2023-11-28,contracts_nil,74
2023-11-28,dac,2882
2023-11-28,parliament_committee_deputy,226
2023-11-28,travelq,91343
2023-11-28,qpnotes,4751
2023-11-28,hospitalityq,22488
2023-11-28,transition_deputy,46
2023-11-28,hospitalityq_nil,3188
2023-11-28,ati_nil,2842
2023-11-28,adminaircraft,20
2023-11-28,grants,949374
2023-11-28,parliament_committee,265
2023-11-28,wrongdoing,46
2023-11-28,reclassification_nil,836
2023-11-28,travela,476
2023-11-28,contracts,1036726
2023-11-28,parliament_report,346
2023-11-28,ati_all,166162
2023-11-28,contractsa,394
2023-11-28,transition,69
2023-11-28,briefingt,99166
2023-11-28,grants_nil,167
2023-11-28,travelq_nil,1958
2023-11-28,reclassification,11080
2023-11-27,adminaircraft,20
2023-11-27,hospitalityq,22479
2023-11-27,grants,949374
2023-11-27,reclassification,11080
2023-11-27,travelq,91223
2023-11-27,grants_nil,167
2023-11-27,transition,69
2023-11-27,ati_all,166037
2023-11-27,parliament_committee,265
2023-11-27,ati_nil,2840
2023-11-27,hospitalityq_nil,3182
2023-11-27,dac,2882
2023-11-27,transition_deputy,46
2023-11-27,qpnotes,4751
2023-11-27,contractsa,394
2023-11-27,contracts_nil,74
2023-11-27,contracts,1036728
2023-11-27,wrongdoing,46
2023-11-27,briefingt,99070
2023-11-27,parliament_report,346
2023-11-27,reclassification_nil,836
2023-11-27,travela,475
2023-11-27,parliament_committee_deputy,226
2023-11-27,travelq_nil,1956
2023-11-26,contractsa,394
2023-11-26,parliament_report,346
2023-11-26,qpnotes,4751
2023-11-26,reclassification,11080
2023-11-26,transition_deputy,46
2023-11-26,hospitalityq_nil,3182
2023-11-26,briefingt,99070
2023-11-26,transition,69
2023-11-26,travelq_nil,1956
2023-11-26,parliament_committee,265
2023-11-26,contracts,1036728
2023-11-26,adminaircraft,20
2023-11-26,travela,475
2023-11-26,reclassification_nil,836
2023-11-26,ati_all,166037
2023-11-26,grants,949374
2023-11-26,wrongdoing,46
2023-11-26,hospitalityq,22479
2023-11-26,ati_nil,2840
2023-11-26,grants_nil,167
2023-11-26,dac,2882
2023-11-26,parliament_committee_deputy,226
2023-11-26,contracts_nil,74
2023-11-26,travelq,91223
2023-11-24,grants_nil,167
2023-11-24,adminaircraft,20
2023-11-24,hospitalityq,22478
2023-11-24,parliament_committee,265
2023-11-24,reclassification_nil,836
2023-11-24,briefingt,99036
2023-11-24,contracts_nil,74
2023-11-24,transition,66
2023-11-24,wrongdoing,46
2023-11-24,dac,2879
2023-11-24,hospitalityq_nil,3180
2023-11-24,travelq,91206
2023-11-24,travela,475
2023-11-24,ati_all,165875
2023-11-24,grants,949374
2023-11-24,qpnotes,4751
2023-11-24,ati_nil,2838
2023-11-24,transition_deputy,46
2023-11-24,contracts,1036728
2023-11-24,reclassification,11080
2023-11-24,parliament_report,345
2023-11-24,travelq_nil,1952
2023-11-24,parliament_committee_deputy,226
2023-11-24,contractsa,394
2023-11-23,reclassification_nil,836
2023-11-23,grants,949374
2023-11-23,ati_nil,2837
2023-11-23,parliament_report,344
2023-11-23,parliament_committee_deputy,226
2023-11-23,contractsa,393
2023-11-23,briefingt,99036
2023-11-23,travelq_nil,1952
2023-11-23,contracts_nil,74
2023-11-23,wrongdoing,46
2023-11-23,travela,475
2023-11-23,contracts,1036640
2023-11-23,ati_all,165904
2023-11-23,reclassification,11080
2023-11-23,parliament_committee,265
2023-11-23,adminaircraft,20
2023-11-23,hospitalityq,22474
2023-11-23,hospitalityq_nil,3179
2023-11-23,transition,63
2023-11-23,grants_nil,167
2023-11-23,transition_deputy,46
2023-11-23,dac,2875
2023-11-23,travelq,91192
2023-11-23,qpnotes,4751
2023-11-22,travela,474
2023-11-22,qpnotes,4751
2023-11-22,hospitalityq_nil,3178
2023-11-22,briefingt,99037
2023-11-22,travelq_nil,1952
2023-11-22,grants_nil,167
2023-11-22,reclassification_nil,836
2023-11-22,reclassification,11080
2023-11-22,transition_deputy,45
2023-11-22,parliament_report,343
2023-11-22,ati_all,165902
2023-11-22,contracts,1036640
2023-11-22,contractsa,393
2023-11-22,parliament_committee_deputy,226
2023-11-22,ati_nil,2836
2023-11-22,parliament_committee,265
2023-11-22,adminaircraft,20
2023-11-22,travelq,91206
2023-11-22,wrongdoing,46
2023-11-22,grants,949374
2023-11-22,transition,63
2023-11-22,contracts_nil,74
2023-11-22,dac,2870
2023-11-22,hospitalityq,22473
2023-11-21,grants,949374
2023-11-21,reclassification,11068
2023-11-21,contracts,1036641
2023-11-21,parliament_committee,265
2023-11-21,wrongdoing,46
2023-11-21,transition,62
2023-11-21,ati_all,165883
2023-11-21,qpnotes,4751
2023-11-21,contractsa,393
2023-11-21,travelq,91190
2023-11-21,grants_nil,167
2023-11-21,parliament_committee_deputy,226
2023-11-21,reclassification_nil,836
2023-11-21,adminaircraft,20
2023-11-21,transition_deputy,45
2023-11-21,hospitalityq,22469
2023-11-21,parliament_report,342
2023-11-21,dac,2865
2023-11-21,ati_nil,2833
2023-11-21,hospitalityq_nil,3177
2023-11-21,travela,474
2023-11-21,travelq_nil,1951
2023-11-21,contracts_nil,74
2023-11-21,briefingt,99028
2023-11-20,reclassification,11068
2023-11-20,hospitalityq_nil,3176
2023-11-20,grants_nil,167
2023-11-20,ati_all,165871
2023-11-20,reclassification_nil,836
2023-11-20,qpnotes,4751
2023-11-20,wrongdoing,46
2023-11-20,dac,2865
2023-11-20,parliament_committee,265
2023-11-20,parliament_committee_deputy,226
2023-11-20,briefingt,99015
2023-11-20,contracts,1036641
2023-11-20,contracts_nil,74
2023-11-20,adminaircraft,20
2023-11-20,parliament_report,342
2023-11-20,transition_deputy,45
2023-11-20,ati_nil,2831
2023-11-20,transition,62
2023-11-20,contractsa,393
2023-11-20,travela,473
2023-11-20,grants,949374
2023-11-20,travelq,91184
2023-11-20,travelq_nil,1951
2023-11-20,hospitalityq,22467
2023-11-19,qpnotes,4751
2023-11-19,briefingt,99015
2023-11-19,parliament_committee_deputy,226
2023-11-19,contracts,1036641
2023-11-19,travelq_nil,1951
2023-11-19,ati_nil,2831
2023-11-19,reclassification_nil,836
2023-11-19,ati_all,165871
2023-11-19,transition,62
2023-11-19,grants,949374
2023-11-19,travela,473
2023-11-19,transition_deputy,45
2023-11-19,reclassification,11068
2023-11-19,grants_nil,167
2023-11-19,travelq,91184
2023-11-19,parliament_committee,265
2023-11-19,wrongdoing,46
2023-11-19,contractsa,393
2023-11-19,adminaircraft,20
2023-11-19,parliament_report,342
2023-11-19,contracts_nil,74
2023-11-19,hospitalityq_nil,3176
2023-11-19,hospitalityq,22467
2023-11-19,dac,2865
2023-11-18,ati_all,165871
2023-11-18,grants,949374
2023-11-18,parliament_report,337
2023-11-18,transition,62
2023-11-18,travela,473
2023-11-18,travelq,91184
2023-11-18,transition_deputy,45
2023-11-18,reclassification,11068
2023-11-18,hospitalityq_nil,3176
2023-11-18,contracts_nil,74
2023-11-18,contractsa,393
2023-11-18,reclassification_nil,836
2023-11-18,ati_nil,2831
2023-11-18,parliament_committee,265
2023-11-18,qpnotes,4751
2023-11-18,dac,2865
2023-11-18,parliament_committee_deputy,226
2023-11-18,briefingt,99015
2023-11-18,contracts,1036641
2023-11-18,grants_nil,167
2023-11-18,adminaircraft,20
2023-11-18,hospitalityq,22467
2023-11-18,wrongdoing,46
2023-11-18,travelq_nil,1951
2023-11-17,hospitalityq,22467
2023-11-17,travelq,91184
2023-11-17,transition_deputy,45
2023-11-17,ati_nil,2824
2023-11-17,grants,949179
2023-11-17,adminaircraft,20
2023-11-17,parliament_committee_deputy,226
2023-11-17,parliament_committee,265
2023-11-17,travela,471
2023-11-17,hospitalityq_nil,3176
2023-11-17,wrongdoing,46
2023-11-17,qpnotes,4751
2023-11-17,contracts_nil,74
2023-11-17,parliament_report,335
2023-11-17,contractsa,393
2023-11-17,grants_nil,167
2023-11-17,ati_all,165888
2023-11-17,dac,2852
2023-11-17,contracts,1036627
2023-11-17,travelq_nil,1951
2023-11-17,reclassification_nil,836
2023-11-17,briefingt,99013
2023-11-17,reclassification,11068
2023-11-17,transition,62
2023-11-16,travela,471
2023-11-16,parliament_report,331
2023-11-16,wrongdoing,46
2023-11-16,contractsa,393
2023-11-16,travelq_nil,1949
2023-11-16,adminaircraft,20
2023-11-16,grants_nil,167
2023-11-16,contracts_nil,74
2023-11-16,ati_all,165739
2023-11-16,transition,62
2023-11-16,grants,949178
2023-11-16,ati_nil,2820
2023-11-16,transition_deputy,45
2023-11-16,contracts,1036559
2023-11-16,dac,2852
2023-11-16,reclassification,11068
2023-11-16,briefingt,99007
2023-11-16,parliament_committee,265
2023-11-16,reclassification_nil,836
2023-11-16,travelq,91184
2023-11-16,parliament_committee_deputy,226
2023-11-16,qpnotes,4751
2023-11-16,hospitalityq,22464
2023-11-16,hospitalityq_nil,3175
2023-11-15,travelq_nil,1949
2023-11-15,travelq,91175
2023-11-15,qpnotes,4751
2023-11-15,hospitalityq_nil,3175
2023-11-15,dac,2842
2023-11-15,adminaircraft,20
2023-11-15,parliament_report,331
2023-11-15,reclassification,11068
2023-11-15,transition_deputy,45
2023-11-15,transition,62
2023-11-15,contracts_nil,74
2023-11-15,contractsa,393
2023-11-15,grants_nil,167
2023-11-15,ati_all,165667
2023-11-15,contracts,1036546
2023-11-15,briefingt,99007
2023-11-15,reclassification_nil,836
2023-11-15,parliament_committee,265
2023-11-15,hospitalityq,22460
2023-11-15,travela,468
2023-11-15,parliament_committee_deputy,226
2023-11-15,grants,949178
2023-11-15,ati_nil,2818
2023-11-15,wrongdoing,46
2023-11-14,travelq_nil,1948
2023-11-14,travelq,91148
2023-11-14,contracts_nil,74
2023-11-14,grants_nil,167
2023-11-14,dac,2821
2023-11-14,parliament_committee_deputy,226
2023-11-14,ati_nil,2818
2023-11-14,briefingt,99005
2023-11-14,transition,62
2023-11-14,reclassification,11065
2023-11-14,qpnotes,4751
2023-11-14,parliament_committee,265
2023-11-14,adminaircraft,20
2023-11-14,hospitalityq,22457
2023-11-14,wrongdoing,46
2023-11-14,travela,466
2023-11-14,contracts,1036496
2023-11-14,ati_all,165667
2023-11-14,grants,949179
2023-11-14,transition_deputy,45
2023-11-14,hospitalityq_nil,3174
2023-11-14,parliament_report,331
2023-11-14,reclassification_nil,836
2023-11-14,contractsa,393
2023-11-13,adminaircraft,20
2023-11-13,transition,62
2023-11-13,grants,949179
2023-11-13,parliament_committee_deputy,226
2023-11-13,qpnotes,4751
2023-11-13,contracts,1036496
2023-11-13,reclassification,11065
2023-11-13,ati_all,165667
2023-11-13,travela,466
2023-11-13,travelq_nil,1948
2023-11-13,wrongdoing,46
2023-11-13,reclassification_nil,836
2023-11-13,briefingt,99005
2023-11-13,parliament_report,331
2023-11-13,hospitalityq,22457
2023-11-13,parliament_committee,265
2023-11-13,ati_nil,2818
2023-11-13,travelq,91148
2023-11-13,transition_deputy,45
2023-11-13,dac,2821
2023-11-13,hospitalityq_nil,3174
2023-11-13,contracts_nil,74
2023-11-13,grants_nil,167
2023-11-13,contractsa,393
2023-11-12,hospitalityq_nil,3174
2023-11-12,travela,466
2023-11-12,travelq,91148
2023-11-12,reclassification,11065
2023-11-12,contracts_nil,74
2023-11-12,contracts,1036496
2023-11-12,briefingt,99005
2023-11-12,travelq_nil,1948
2023-11-12,ati_all,165667
2023-11-12,transition,62
2023-11-12,parliament_report,331
2023-11-12,wrongdoing,46
2023-11-12,qpnotes,4751
2023-11-12,contractsa,393
2023-11-12,hospitalityq,22457
2023-11-12,dac,2821
2023-11-12,grants_nil,167
2023-11-12,parliament_committee_deputy,226
2023-11-12,grants,949179
2023-11-12,adminaircraft,20
2023-11-12,transition_deputy,45
2023-11-12,parliament_committee,265
2023-11-12,ati_nil,2818
2023-11-12,reclassification_nil,836
2023-11-11,contracts_nil,74
2023-11-11,ati_all,165667
2023-11-11,ati_nil,2818
2023-11-11,reclassification_nil,836
2023-11-11,grants_nil,167
2023-11-11,hospitalityq,22457
2023-11-11,parliament_report,331
2023-11-11,dac,2821
2023-11-11,reclassification,11065
2023-11-11,contracts,1036496
2023-11-11,grants,949179
2023-11-11,travelq_nil,1948
2023-11-11,contractsa,393
2023-11-11,adminaircraft,20
2023-11-11,qpnotes,4751
2023-11-11,hospitalityq_nil,3174
2023-11-11,travelq,91148
2023-11-11,transition_deputy,45
2023-11-11,parliament_committee_deputy,226
2023-11-11,briefingt,99005
2023-11-11,parliament_committee,265
2023-11-11,transition,62
2023-11-11,wrongdoing,46
2023-11-11,travela,466
2023-11-10,transition,61
2023-11-10,dac,2806
2023-11-10,wrongdoing,46
2023-11-10,grants_nil,167
2023-11-10,parliament_report,329
2023-11-10,adminaircraft,20
2023-11-10,travelq_nil,1948
2023-11-10,reclassification_nil,836
2023-11-10,qpnotes,4751
2023-11-10,contracts_nil,74
2023-11-10,hospitalityq_nil,3174
2023-11-10,reclassification,11065
2023-11-10,briefingt,99003
2023-11-10,grants,949178
2023-11-10,travelq,91134
2023-11-10,ati_all,165654
2023-11-10,transition_deputy,45
2023-11-10,parliament_committee,265
2023-11-10,contracts,1036430
2023-11-10,travela,464
2023-11-10,parliament_committee_deputy,226
2023-11-10,ati_nil,2813
2023-11-10,hospitalityq,22456
2023-11-10,contractsa,393
2023-11-09,grants_nil,167
2023-11-09,parliament_committee_deputy,226
2023-11-09,contracts_nil,74
2023-11-09,reclassification,11065
2023-11-09,reclassification_nil,836
2023-11-09,travela,444
2023-11-09,grants,949177
2023-11-09,travelq,91093
2023-11-09,travelq_nil,1947
2023-11-09,contractsa,392
2023-11-09,hospitalityq,22449
2023-11-09,hospitalityq_nil,3174
2023-11-09,dac,2797
2023-11-09,briefingt,99001
2023-11-09,parliament_committee,265
2023-11-09,qpnotes,4751
2023-11-09,wrongdoing,46
2023-11-09,contracts,1036237
2023-11-09,adminaircraft,20
2023-11-09,ati_nil,2738
2023-11-09,transition,61
2023-11-09,transition_deputy,45
2023-11-09,parliament_report,329
2023-11-09,ati_all,165646
